M_id;T_id;Price_d4
75960;373917;63,84
49255;362597;12,33
150903;474323;5,47
19117;326279;7,16
357997;572855;112,76
352555;573128;20,85
304650;568304;22,84
220369;569709;42,09
17061;362724;19,43
40678;326617;13,86
19948;371545;13,11
303698;565330;355,53
303693;565333;355,53
303708;565332;358,85
303705;557512;35,56
303703;565331;355,53
93355;426000;13,43
74960;337821;15,17
9771;362160;15,71
110084;426005;20,23
57158;365325;7,9
91228;403375;16,94
107812;403959;8,04
9802;361429;8,56
229180;564071;87,47
85564;333460;91,77
229185;467300;52,43
85556;333521;91,45
108104;359876;80,9
240732;564072;56,2
108105;359875;111,43
85549;333461;68,66
134495;359879;68,66
229188;467215;75,53
85546;352527;122,04
179668;438283;91,5
85568;352348;89,26
199702;465393;197,5
173390;438281;96,16
85568;398724;89,26
134496;347237;96,13
110546;334350;196,63
110548;334819;91,76
110549;349793;143,46
9774;326329;8,79
80113;374520;9,85
17056;326711;9,24
93034;348406;12,87
49926;426006;12,65
19946;326874;12,19
49929;426007;12,17
20324;326712;11,53
19970;328815;16,1
48255;346708;15,36
13798;352522;9,38
41608;351328;13,1
80143;364247;11,23
94679;345909;19,8
94678;346817;19,51
26752;363755;13,42
48291;327259;13,29
38428;328640;9,23
68032;362481;10,73
13789;327225;14,16
38455;335946;12,69
13441;326278;9,94
13443;326710;9,87
9801;326914;11,4
93393;380732;11,43
40728;327278;12,7
20504;376138;26,1
38447;337013;17,97
13787;329072;20,81
99997;344963;124,89
9783;326873;7,11
38433;362112;10,3
144797;425999;9,29
19971;403625;16,6
55117;335697;11,01
55115;350060;11,8
20505;326573;44,79
36006;362827;13,59
13442;326383;14,23
36004;328642;9,21
9703;326769;10,96
36008;336950;15,97
12905;327769;14,95
48248;329720;10,55
175758;436356;113,54
9781;329073;10,72
36012;361980;13,34
9778;363735;12,77
21534;565392;12,45
9780;327493;8,45
19961;333419;10,87
40838;329709;12,28
70960;332533;10,38
91262;349129;12,08
9773;381493;8,95
113216;426009;14,16
136116;426010;18,05
353703;558840;68,23
288337;487034;83,87
286236;486484;43,24
17058;362743;12,38
38435;361744;10,75
9806;361091;10,65
311799;529874;21,07
316648;554032;20,85
352804;558838;20,43
316986;554033;20,66
347566;558839;20,31
311802;529875;20,36
73854;347338;17,76
77672;363280;17,52
40852;336588;8,66
40853;361004;8,67
107163;373623;19
107160;426004;15,44
70203;327305;11,73
70201;364454;11,56
111112;563109;9,08
13794;326826;10,37
13795;360958;7,7
305424;564130;12,41
75792;359518;12,64
20536;326622;10,97
80186;335008;14,42
309947;558769;106,33
178156;437743;4,95
154067;359275;5,06
178158;437735;4,95
187061;439200;3,94
187065;439201;3,9
187064;439202;4,16
357998;561084;79,02
201569;464139;104,13
303695;557511;35,56
110092;326659;21,98
48821;329866;21,81
48822;328950;18,72
51351;335037;21,16
48824;353890;21,69
160616;355417;4,64
156013;355415;4,92
160229;360002;4,74
156014;355416;4,87
157152;360001;4,97
156559;360000;4,96
107353;354185;112,9
38431;361855;15,26
25637;365691;51,26
141631;414535;78,81
306406;524215;60,87
221061;464138;73,94
265797;469454;131,92
265806;469455;274,68
230878;468931;98,81
352811;557287;66,55
114452;432424;16,86
101630;378718;13,02
101629;359147;13,02
101631;359148;13,02
85940;336563;16,55
79906;336884;13,14
79908;334062;13,51
79910;334959;13,27
79913;365091;13,02
79914;331878;13,02
79915;331879;13,27
79922;335585;13,14
80002;334960;13,27
79929;345621;6,57
79901;336319;13,02
79902;336295;13,27
79959;432416;16,7
79904;336297;13,14
285911;477200;134,97
97719;339047;18,51
97722;339048;34,39
300091;529825;137,44
84661;468236;10,65
180833;533249;44,76
276351;533952;85,76
117707;532087;17,32
107999;533721;17,31
244566;580850;76,45
46673;331888;21,87
137294;412435;81,64
86404;405410;60,96
300094;557256;81,91
392870;570353;54,27
73633;369822;22,48
117048;405560;14,42
36597;361585;23,13
27451;360814;42,97
99575;357037;14,81
80807;371559;45,83
73634;363625;31,83
229376;470111;56,7
144109;468237;12,4
173007;524209;12,21
196906;462079;148,95
90350;468716;136,59
307804;525294;162,05
68568;577203;6,9
62453;333642;3,14
234766;533686;45,51
179226;438363;50,52
117210;329975;56,11
112899;357217;11,53
67074;336812;13,5
195304;467687;22,98
82551;347304;7,18
61899;350776;10,22
61901;333057;10,17
61903;333595;10,07
61900;348496;10,17
96938;334139;10,84
96939;333661;7,17
55272;330815;40,95
73091;368013;116,56
107360;468238;10,89
22157;468766;11,59
68689;470113;12,53
68689;379713;12,53
89910;467165;153,86
107753;351447;216,63
167222;425943;188,78
196772;376983;221,18
127215;357672;167,03
372279;558923;24,01
198725;469516;30,58
139553;358764;159,86
169316;432273;122,92
291784;466713;109,95
96934;326955;14,19
96947;370028;15,53
62453;575868;3,14
62453;362680;3,14
47888;369823;22,73
80810;364176;11,96
80811;373622;23,59
129754;576949;5,07
68572;468767;12,01
230053;555458;83,89
391909;568451;78,59
374318;564374;31
380122;564566;36,67
196822;564421;27,05
196825;564424;26,92
196824;564422;27,42
102060;346925;1,06
303698;577685;355,53
303698;557514;355,53
303693;557515;355,53
303708;557513;358,85
303703;557516;355,53
402459;568541;66,09
125841;329974;55,34
164741;430951;52,55
83407;373143;13,96
97312;375650;19,37
83412;377279;16,37
83409;376764;19,62
48820;328949;21,2
107956;577171;20,81
89119;373835;16,34
110091;326932;22,48
374967;572786;6,65
265863;564241;96,8
201899;575576;146,47
89911;369672;114,64
307541;564240;52,92
307542;525295;99,06
342550;576588;327,32
75948;384364;37,87
409312;343446;56,44
86413;358221;12,92
87639;358433;23,67
157030;425781;260,78
49319;379435;3,93
97846;570135;7,86
137511;578714;9,28
141925;574067;4,32
169276;575956;23,05
20594;349400;10,6
20594;372404;10,6
378057;564385;184,69
131988;568163;53,87
27881;576962;4,96
20324;363382;11,53
84694;468700;12,04
69015;468768;10,77
84695;468701;12,05
91228;404042;16,94
146919;575695;32,82
63044;401194;6,31
50479;379136;7,38
140746;358104;187,01
74164;335756;22,72
45879;326979;22,94
123190;576887;37,47
239520;572858;46,42
48622;335757;22,07
299193;529512;43,56
299194;529511;71,47
60199;393659;38,21
229189;466916;65,54
200385;401688;112,86
108105;448391;111,43
179667;438284;107,76
116172;360170;68,66
229187;562119;54,93
229188;333458;75,53
85552;333462;92,98
108826;570938;12,88
48400;393546;13,14
47518;399070;13,16
47527;384878;13,06
20576;468769;7,94
84711;468702;8,29
69068;376085;4,43
69893;468770;8,63
69051;370719;37,5
75962;371557;64,78
77705;382768;17,79
77705;368988;17,79
316596;571361;14,17
228456;466736;123,69
146608;436311;137,24
342094;562138;108,91
70495;372710;56,08
133197;436410;9,19
133198;329809;17,11
86648;355013;15,58
48821;570987;21,81
99953;576254;13,99
391684;570678;18,66
391680;570677;18,65
391683;570679;18,65
360861;570676;18,64
360860;570675;18,63
360862;567212;16,41
177330;529824;106,73
167522;575744;10,03
87964;400787;18,15
234766;327678;45,51
117326;328170;17,98
116370;578775;18,13
13798;570790;9,38
151140;359362;101,2
83407;384635;13,96
84849;524211;12,16
95086;345396;23,36
76355;329373;32,58
103958;450294;22,5
30822;329374;33,49
76356;562166;32,89
103964;360118;23,34
68599;377476;10,19
76377;328097;33,81
95423;346968;23,57
26752;373250;13,42
26752;365835;13,42
84724;468703;8,44
199313;468771;9,66
294273;571237;123,99
54891;335760;22,07
94312;378765;86,24
85372;348690;25,42
80913;580842;16,65
151253;431763;601,85
110112;405559;334,95
101125;376089;29,03
50807;335941;6,24
50808;329114;10,08
84672;468704;12,35
68705;378853;6,81
59236;386098;16,4
77728;578755;18,16
59835;382547;82,7
74102;383018;1,05
136999;533977;0,92
84048;372195;109,04
46488;335203;22,94
143791;359158;51,13
334757;558700;23,98
137506;330785;22,28
37269;330784;19,88
159748;438722;117,98
51382;367071;65,43
117732;329442;22,62
83839;448000;18,24
70491;363933;73,91
103619;404951;44,07
77727;448003;23,91
120457;425696;100,36
77727;390527;23,91
60314;369922;67,25
82693;353885;65,37
229434;466028;15,42
95957;568031;10,76
45877;326981;22,94
84787;524212;9,4
68645;336461;9,2
68645;463468;9,2
69847;468776;8,96
286249;468801;123,5
84788;344574;10,05
70942;377691;5,52
84789;577196;11,15
237761;467209;71,29
163603;426025;71,52
390759;564593;71,75
191033;464119;53,92
51617;335816;35,95
139390;436310;53,99
127889;357764;62,5
20505;366539;44,79
400455;567941;138,22
97048;432267;63,08
36813;386839;125,48
84662;468705;15,97
69881;376158;16,03
48115;327231;22,94
34001;358794;7,8
188951;440189;29,16
68647;576824;5,5
102755;576832;11,07
108952;573776;26,8
20499;578818;9,73
137999;468772;6,34
20584;346354;9,56
110099;358219;35,22
135580;573582;24,38
189583;470685;106,9
162984;438888;299,47
143793;576031;30,96
99966;575458;42,95
107117;577275;19,05
99962;577274;14,29
221060;464137;148,6
69893;366288;8,63
166739;431594;6,49
287959;578809;40,36
143794;465843;46,23
142331;465819;53,15
167713;468706;10
167712;468773;10,51
355216;558894;168,15
125844;330051;54,34
112994;363424;21,45
80822;364932;15,41
73645;335052;23,99
73092;346628;41,11
41666;366560;28,29
41667;329212;57
133311;573699;26,4
41666;571028;28,29
150105;573607;76,9
49556;344511;12,39
13442;372043;14,23
110789;531883;7,96
84670;336515;8,53
49561;347729;8,95
46088;327232;22,73
174630;438206;173,37
45878;331484;22,91
114702;576520;141,07
300100;559074;129,28
73652;335232;22,28
62336;363203;29,92
62337;370711;51,89
61117;352559;16,33
81622;347660;16,31
81623;336336;16,84
61118;336495;17,87
61115;330270;15,68
175835;437493;195,88
54889;329634;22,94
86403;352885;52,92
125563;330823;39,06
86403;347110;52,92
84533;338372;36,12
355215;558893;203,27
131228;359871;365,24
49115;329774;17,87
164132;425749;17,91
138584;438286;17,91
173225;553912;17,91
48403;378120;13,04
48401;345430;13,14
108826;356303;12,88
90132;375649;10,28
47534;353323;13,05
47521;353322;13,01
108823;353250;12,94
47523;353311;13,01
47532;354434;13,11
47518;331746;13,16
48403;353088;13,04
47536;352864;13,08
48400;352940;13,14
47527;346084;13,06
47520;353052;13,01
47529;356304;12,95
143289;357065;12,88
108822;357647;13,05
90137;383222;10,41
48401;352941;13,14
86609;390318;13,38
49120;346326;10,63
123188;408806;38,17
54898;335761;23,15
95742;350895;50,5
187087;432266;166,3
189910;450655;128,37
46566;329998;22,07
9780;369782;8,45
49585;376641;4,57
409313;573866;64,41
77866;377338;9,65
229429;564162;32,24
47885;330185;23,45
30177;346665;23,75
73048;387339;12,25
57753;365229;117,94
275510;555466;60,69
275508;533725;38,74
126131;425992;18,24
107933;346331;10,15
303602;576604;11,44
71672;348852;77,25
138004;468774;8,97
70057;344239;11,46
110793;570875;10,64
84698;468710;10,53
83839;570796;18,24
117323;361911;19,67
89893;408799;33,7
167525;576809;10,27
296915;573331;27,42
177807;573520;21,74
120848;577042;22,42
37331;329729;5,7
45880;326980;22,91
223909;362714;36,95
161003;533281;6,97
161002;468775;11,11
143779;360103;72,9
229435;578747;15,28
157163;447934;152,02
118157;425868;145,39
128975;425871;191,41
347757;564681;54,07
363960;570748;3,14
97720;339045;9,06
97721;339046;14,89
187260;447806;21,56
144909;468946;13,18
173914;573549;16,13
43958;364706;136,32
133191;431719;102,7
228921;527137;62,54
304626;524458;228,3
40979;366017;14,25
47310;335548;15,69
377362;570742;102,32
377343;570738;64,15
377344;570739;64,47
377345;570747;64,38
377346;570741;64,07
377358;570744;63,51
49556;524213;12,39
299366;565393;22,37
299365;565394;21,07
268059;564247;22,75
54896;332101;22,88
88933;332695;85,37
84703;387173;7,54
75865;369676;7,06
75866;365535;14,33
75866;332545;14,33
283383;564243;125,14
46267;370226;22,94
46267;330191;22,94
89911;396049;114,64
116878;576795;16,27
149533;577143;16,26
128980;439411;26,79
352812;557288;66,39
352814;557289;38,12
173424;577680;13,93
88936;404932;58,12
158485;467084;107,13
89915;366932;61,67
89914;366902;104,64
70912;335245;94,8
45633;330744;33,74
45632;330743;43,83
61895;329460;71,8
128974;439413;27,04
128981;439412;31,65
79101;364437;7,77
116876;360873;17,88
116876;463318;17,88
143803;578724;15,78
116863;463312;16,27
116863;360874;16,27
79112;371045;77,81
116878;463315;16,27
116878;362026;16,27
116859;361256;16,34
116865;361257;16,27
27268;371143;78,84
27274;369404;57,89
116876;463317;17,88
230461;576742;49,65
79958;432415;16,7
288611;526098;186,78
187083;450661;160,35
77705;577250;17,79
84723;573474;8,22
300528;533829;70,86
54890;365632;23,75
54890;330353;23,75
266258;578821;26,17
82692;384271;70,18
78103;371236;142,87
80830;364198;16,69
80831;370718;27,21
397006;573860;98,35
62748;364901;72,02
41361;363251;76,53
41362;362458;136,79
80834;364695;20,63
48943;361495;8,66
287964;580883;31,37
143797;465850;36,63
60316;363992;55,17
60316;448204;55,17
143795;580781;38,9
49582;570782;8,47
138820;524214;8,79
110790;532890;8,05
142082;427807;39,36
51622;328928;4,82
175887;578820;6,79
119709;576760;19,07
48904;331590;49,04
108048;359384;52,48
48905;330802;73,98
138829;378930;8,59
5439;533013;9,17
20592;370172;9,71
111393;465849;11,33
111394;531530;24,4
54900;332130;22,94
82693;397355;65,37
78107;363742;55,61
113263;575943;19,7
150197;439952;55,19
129411;410836;14,91
72500;331383;185,81
90830;338636;14,82
49618;330416;100,68
66200;331667;83,22
60242;327851;20,98
39296;333542;7,68
29453;326630;2
36545;327457;20,73
23601;329079;4,1
56304;329955;66,67
63517;332907;56,72
4851;570866;7,53
4850;326537;3,79
135120;431612;199,18
35188;327396;9,07
102653;350363;33,79
102654;335046;128,16
41365;328201;79,78
5558;327110;4,55
81770;335183;90,08
60585;408652;94,86
40427;329059;8,09
7132;372899;9,56
7131;360910;2,09
7133;326774;4,23
14098;326382;3,41
7280;327409;2,39
4900;328663;2,67
4899;327247;1,77
12101;326663;72,37
40554;328412;168,54
122106;358876;37,19
11149;326307;122,48
118516;359477;18,97
340773;562090;66,57
44708;329020;329,08
51208;328758;174,18
64211;337339;176,32
4912;327656;11,36
23608;327758;14,87
18989;436335;12,38
32935;329367;2,96
177857;463221;49,73
284991;557428;10,7
285031;557425;10,51
285005;557427;10,58
285016;557426;10,6
36994;328813;36,28
66229;337331;197,07
75640;347220;6,15
21266;345573;4,07
82890;332536;384,14
30927;424727;43,17
153131;346858;46,53
153132;326841;86,81
108325;462075;78,6
70825;569278;23,96
47414;439612;41,81
38286;346029;12,91
59338;330271;4,7
8051;328567;6,77
21882;326511;60,76
21881;340539;35,34
312664;528960;73,17
195297;466058;65,91
62910;327390;125,78
41398;346546;20,25
47005;329314;13,07
46846;328700;46,73
178478;468844;74,76
40041;329025;196,48
112616;438701;39,5
97227;327861;49,27
30840;327180;103,6
70829;350455;111,73
7583;336474;38,98
117245;327787;56,58
29431;329293;3,86
5645;328470;3,86
23404;327475;19,12
28476;326973;43,78
95379;380607;25,04
16998;326379;61,19
164059;431309;45,02
48143;329571;54,55
50496;335671;53,37
13577;326742;12,31
64453;336310;29,07
145657;431198;55,5
63384;330081;41,14
122913;357165;84,54
329981;567313;55,44
62775;327747;115,72
107787;353605;121,48
169101;465857;9,45
11147;326309;168,95
8609;327344;159,22
69125;364851;8,1
79557;354485;618,31
21595;326392;33,16
79556;335384;212,69
50619;524377;39,52
66070;331679;23,34
66071;532406;38,53
351589;567964;41,5
21777;335927;33,74
23469;328001;19,87
108202;349469;62,64
7968;329342;25,74
298100;561035;39,77
301752;561033;40,48
76130;333310;41,58
60164;364615;25,35
41715;335053;7,1
108587;329420;23,89
50633;346329;15,51
90300;351411;58,44
25476;326391;35,07
25477;470688;54,25
5738;326620;5,9
194014;513875;5,76
145714;437883;13,57
103455;431203;27,1
5106;328228;11,19
44026;431434;9,73
13747;354173;21,52
194445;468783;110,25
194444;467703;115,44
29432;329335;2,46
47981;348893;17,17
82974;338019;43,79
64259;329978;10,99
165713;533082;5,61
12493;336155;16,85
95425;348687;129,54
56114;329743;35,6
129161;437633;48,66
8975;331233;251,51
5798;336143;4,04
5799;563836;10,95
50250;329195;48,9
188375;462082;100,21
21766;328165;2,63
8911;335277;10,4
191063;353405;16,17
111511;354352;15,06
21839;331603;40,31
170571;431874;49,84
32485;327203;61,76
56019;329818;26,87
129224;439060;141,24
62920;327089;102,86
65743;327848;102,86
75105;336592;102,86
62992;369728;11,46
43860;361805;431,15
29360;370379;7,12
21771;328625;6,72
4267;328493;66,87
112941;359193;298,09
133542;331003;15,54
48812;334214;215,84
27418;326340;13,67
7168;570865;8,9
7167;328767;4,47
5882;327892;4,63
136598;410828;32,46
190230;331082;40,04
134114;358175;31,86
28183;327953;7,72
60240;326714;18,37
71293;333225;49,77
112233;407411;13,12
156705;328789;46,93
80069;331967;135,76
94694;358739;115,27
236840;528918;255,18
112037;327690;7,17
47221;331558;117,22
97125;529540;43,87
141075;360054;76,35
135958;333436;124,88
110103;329900;400,3
51209;330208;310,59
55279;329976;275,89
83309;326676;267,54
45718;329469;39,87
5320;328291;137,87
33763;328307;73,26
19209;327806;168,73
137995;487075;5,62
24690;361395;2,83
82892;350252;187,32
4376;349232;41,47
12680;328362;49,96
24124;329988;102,79
223337;327982;31,37
222136;327268;31,8
200612;332816;31,77
223532;327984;31,87
147328;425705;54,31
56211;347824;39,67
71997;336568;18,47
41397;330161;7,19
193845;567297;19,93
108640;357237;45,88
66925;338425;155,69
19208;327807;123,96
145707;438015;135,98
49724;346259;144,72
143812;329723;64,75
143809;329567;39,89
10759;326306;152,03
112059;327054;4,19
41633;336709;40,39
174154;468152;79,85
329974;530002;35,13
289662;554034;40,64
127623;327413;88,68
127622;328226;40,87
25870;328292;21,14
62935;332754;113,16
111931;335099;3,68
327234;569290;20,16
136863;416894;105,63
177870;559153;45,71
36212;332138;27,44
108583;416874;11,83
6122;326880;12,6
82443;530846;8,85
33749;354029;50,1
200616;466438;84,21
23086;337930;8,06
38325;332603;9,53
129473;357044;26,31
394022;572801;31,58
394023;572807;101,46
3946;335589;162,85
174098;568166;16,32
61616;331060;58,84
62326;346961;52,92
140653;348265;59,07
100107;336972;50,75
134936;327447;56,06
134937;326767;120,9
69925;337959;15,15
125387;467175;44,61
301753;561034;48,04
25561;336378;7,86
150688;428256;59,81
61806;336384;25,96
3722;331486;97,93
295153;524394;47,82
51037;329584;33,77
62780;328104;21,5
33354;327809;10,95
6494;327846;45,08
6495;348944;74,54
48679;329845;18,56
282157;524316;106,25
137358;359389;64,95
295304;557239;93,57
155338;331619;119,9
171110;353623;108,94
91590;330298;125,52
126052;357503;147,58
112567;407931;28,91
227395;557429;25,93
37044;329030;41,46
12049;328262;133,41
25334;327224;22,28
111289;356904;137,26
111509;354353;21,44
95920;347269;79,5
54966;332601;20,78
220707;467296;49,05
220706;467297;48,62
314774;557202;90,51
314775;557851;94
18530;329814;219,38
126559;416061;33,2
3764;327763;46,54
50906;335555;34,21
36343;329152;43,82
224874;531043;37,66
136597;410829;29,21
326115;561171;84,18
79494;330222;209,85
79499;329424;211,45
19506;328853;36,32
295311;529890;66,3
27653;329346;14,16
27652;327128;8,8
324938;569885;54,51
328699;557237;69,86
328698;557236;60,28
149232;531115;24,72
161424;564400;35,41
352761;564402;29,35
304107;569920;27,07
235562;533151;101,28
235562;569884;101,28
18364;328591;19,63
175343;564159;32,51
347236;346816;33,23
126009;438024;17,35
46345;328761;19,08
175342;575323;16,88
87616;348040;46,78
66199;350868;40,67
187578;378327;4,95
52065;366508;6,12
22281;327910;5,08
92551;338308;5,33
109796;533914;17,44
74540;331593;36,63
138350;513825;41,45
21467;580714;4,19
17035;393476;1,94
188472;439639;51
99359;346749;20,19
21760;327539;25,49
93031;344249;46
171238;436224;53,19
43070;335598;14,27
22139;379093;2,92
51053;329985;49,95
111921;531444;48,87
111919;530929;48,87
111917;531441;48,87
111916;532121;48,87
111918;531648;48,87
129165;332777;42,15
149126;431639;40,58
133818;332980;47,18
19505;327479;36,32
6865;326305;105,37
54161;329732;27,63
111920;347064;27,54
54164;329984;27,68
54162;334525;27,68
54163;331129;27,68
10338;327302;13,15
110752;407413;131,12
134962;487053;131,12
44536;327705;60,4
117745;431421;51,99
110696;357987;91,85
117720;326270;8,7
83097;327374;75,42
83098;561143;113,31
19407;331130;17,12
138846;413223;58,87
158972;470057;83,91
284980;524330;92,51
239531;470074;69,64
174358;466389;224,79
88541;332244;34,24
274974;496588;80,11
19507;327478;36,25
55182;329167;135,56
55183;328961;213,07
91338;347235;217,27
80070;335523;212,58
26073;580640;47,4
21214;326893;5,98
83939;327564;3,48
24724;326580;3,47
83938;330855;3,48
83936;336427;3,47
83937;331661;3,48
84138;327122;11,62
82155;531490;3,19
10331;327488;3,19
46789;407955;4,24
7368;326478;2,26
4854;326775;9,97
38123;330930;9,68
134665;564371;55,87
41364;328063;50,46
233063;533755;90,86
97031;430888;43,85
106167;424724;64,54
149058;436233;77,01
84655;332474;33,63
84657;353202;36,38
84659;346355;54,58
185313;558702;23,15
185314;558865;37,64
114619;531364;4,43
123745;468169;3,61
4863;380623;2,54
27533;383367;2,5
32342;329987;49,21
135202;498713;24,1
199519;469517;53,79
316953;570131;4,59
136879;359861;13,53
154535;425159;36,42
7291;326514;15,09
142698;533859;1,3
21624;327945;12,08
21626;328626;12,64
17179;347533;17,02
33101;328231;18,07
13812;327963;37,98
49896;369534;6,83
11112;354229;82,39
59772;333214;5,36
86011;379720;46,36
14951;531890;5,55
147054;449837;132,54
284024;527160;171,71
44706;332828;19,42
115213;533030;11,58
170732;375955;82,52
192462;570110;10,39
192463;569914;10,54
192461;569913;10,39
82109;379800;6,1
14121;327878;5,73
46835;328650;2,13
143790;474277;2,22
6216;328060;5,43
112577;333997;7,25
134646;360104;29,1
109059;532686;48,61
38380;379459;3,68
53308;327927;97,05
19510;330203;36,48
29306;328575;82,11
185297;531774;17,91
357916;564377;54,29
357919;564378;68,47
114481;431007;95,82
99692;353274;73,44
168320;533204;9,07
77773;379737;4,48
88242;532665;6,93
77774;345217;10,23
20322;333873;7,23
82960;437297;18,51
84219;437298;16,95
84828;334088;15,25
36915;527195;57,17
54736;528874;26,13
38425;532635;1,22
103437;531326;12,24
19771;570026;10,45
94954;533793;4,4
29430;330680;3,12
110813;356862;3,55
111829;576001;2,09
111829;569862;2,09
5578;531988;1,27
10917;327064;38,13
112053;531328;4,03
50841;431009;4,2
123768;439450;71,71
46354;329804;28,92
104487;356244;166,22
112583;533878;7,83
99379;533652;8,17
14088;327605;9,36
35377;329124;35,95
35378;337954;56,43
294371;558193;77,84
163371;465267;61,18
90901;466472;42,88
11785;327184;74,5
39841;328199;54,61
135957;439020;74,25
66293;333894;5
22052;328636;6,46
22053;327805;32,32
22264;336582;5,58
66295;345739;42,19
22265;326964;8,2
22266;329757;11,41
23083;335355;17,82
130251;436254;5,99
66300;364336;5,99
55278;330805;176,81
65756;351228;98,69
50274;336111;195,89
64210;329173;99,65
20640;327956;287,15
40287;337297;377,3
40286;329554;132,52
94572;353039;104,37
83308;326784;158,63
18565;329520;221,48
18564;329521;103,21
31448;328932;98,72
31449;328933;176,09
17354;326466;236,46
17353;327716;121,5
75626;331054;182,21
121949;413232;9,39
14042;377474;9,74
104086;436191;11,86
273079;496401;167,19
273078;496400;114,39
66001;326945;86,56
159664;531078;70,11
157511;532237;11,34
137844;532120;10,2
159979;532357;18,35
45719;330836;30,78
36733;327819;36,51
3543;564211;58,41
11879;374736;58,58
139572;531847;36,99
108305;426023;19,11
80101;329821;45,12
80102;329218;79,9
80098;328315;80,94
19508;352237;36,48
136061;359478;159,23
94574;533576;19,92
166605;531589;10,39
166606;533922;18,11
20715;328486;85,47
105769;413634;41,81
5250;328519;7,59
63435;330816;20,4
62933;330326;133,34
393192;574308;67,32
136434;531399;12,06
185353;533345;4,8
50212;332798;127,55
49021;332049;72,33
99499;409734;25,43
12123;327402;27,99
74437;328247;44,76
61147;368838;10,07
97001;375937;19,11
66230;332836;333,58
50498;327664;59,21
171694;533767;6,04
197932;569988;8,08
121506;532398;10,59
197933;570113;8,1
121507;531692;10,59
121509;531591;12,05
121510;533894;10,5
121512;533083;11,08
30982;326519;28,81
17027;381432;6,37
8857;329177;7,15
357923;565180;28,8
48825;328472;34,36
111602;533700;2,59
43698;327746;6,13
111602;578832;2,59
93439;531866;13,61
79716;407937;5,52
112754;327053;3,3
17031;366256;2,55
134052;358691;28,78
52412;337605;48,9
114335;331806;111,06
81936;533570;11,96
138340;564105;194,96
174774;439038;35,83
164993;470064;69,93
164996;470065;69,22
129168;358692;69,56
134333;358693;68,27
134331;436232;67,74
46436;333206;420,17
6979;326771;105,85
166735;570297;5,96
141118;437498;10,67
4929;328819;45,31
3969;326413;60,49
39088;378160;47,43
88254;439003;138,42
33462;331034;63,08
88252;526179;59,6
33463;329742;70,79
175048;449883;51,49
99586;532973;59,39
83125;327369;326,16
100082;348535;46,93
99595;329503;90,49
99594;352361;59,4
76689;330684;220,39
43301;553908;46,01
59863;531749;56,58
47424;330934;49,2
145621;532178;27,3
85398;345214;6,97
44381;332840;10,4
27403;327239;10,9
103309;533446;11,92
90538;387679;7,72
112612;331853;45,29
84844;333577;34,86
25837;329318;16,13
19171;327117;16,81
46844;331763;8,78
10271;352277;11,66
88123;375159;9,7
59460;351412;162,01
24125;425888;58,75
65150;348533;59,78
65153;329001;96,96
37680;328088;26,43
22149;327895;7,3
7670;326274;7,74
24720;327135;4,64
38287;327067;13,43
5230;327929;20,32
111857;352339;2,76
36158;335621;2,85
4883;333582;4,18
108150;531480;41,89
145221;425890;84,32
294408;528959;140,77
26679;327009;38,84
39164;360817;31,71
70806;410807;19,08
124341;469445;121,43
6573;330015;106,39
124339;570653;49,74
30976;331272;38,21
124340;436354;80,78
6572;327476;63,56
71998;330876;45,06
129462;360025;17,68
129463;352676;44,01
62911;352509;125,62
87800;379802;5
99703;348684;63,59
13458;327076;45,47
175796;562093;28,48
175798;568386;24,97
175797;559062;35,34
144468;326461;61,18
98216;348167;29,13
17032;327992;3,05
44345;326451;2,88
20705;347924;3,1
112613;329485;3,48
78876;333659;36,09
8307;326614;58,4
126945;345747;47,37
299847;526164;37,66
108638;415930;38,84
110626;353925;24,98
187678;439624;56,41
11559;326564;29,25
6182;326646;150,12
75645;332627;96,08
111763;357637;486,86
6181;328592;8,13
31774;533528;7,95
141579;532548;9,24
68035;338423;131,36
327206;567253;33,83
192868;567905;84,02
83041;330478;46,71
99801;343131;83,5
99805;343938;83,5
99804;343126;114,16
99806;347240;113,62
109287;355343;90,16
109288;355339;204,98
109290;355342;201,17
109293;355341;229,07
143810;329113;64,44
143813;329146;39,51
93065;335198;54,44
134952;530885;20,3
106112;353327;80,57
106113;353326;131,79
379432;564505;98,87
63930;326375;61,83
63931;326427;62,64
183657;329539;80,73
143354;533100;24,81
99967;532173;12,38
108099;531660;16,33
30111;349304;4,38
19489;326849;4,37
9164;347931;5,58
92832;360323;34,99
21434;345968;37
95482;354267;47,91
95481;354266;37,68
12729;328335;65,72
111829;569869;2,09
93381;570198;13,73
84719;532280;8,67
46942;335892;3,46
88024;532225;18,77
63511;338346;62,47
63512;359748;114,26
44761;362218;13,41
93463;340715;32,52
166220;467210;39,61
295211;524230;65,17
287569;524002;64,83
88133;438509;64,89
71802;332544;39,1
301732;527466;66,44
301733;563146;95,22
99820;349197;155,84
99821;347363;120,37
4960;326824;20,67
30695;335940;25,22
112089;413917;11,91
83323;330797;138,41
51222;330477;48,87
112626;530889;10,4
25166;379691;10,4
175732;467510;47,12
191669;465293;115,72
142182;573046;15,22
50019;328668;13,01
45735;329200;9,41
91455;437504;29,43
36159;326603;5,43
110815;328555;5,96
171108;532114;5,42
44021;349811;5,4
82132;378726;6,09
13997;363380;4,05
17176;364002;4
112091;327307;4,43
21857;329487;12,9
6268;326517;17,8
14002;379274;4,12
20402;329196;4,09
21414;362483;4,38
7048;328653;152,38
69806;349860;68,2
44530;329006;83,32
137824;531020;9,79
125449;438394;126,06
19509;328865;36,48
95378;352594;18,76
21987;336314;33,39
327232;569860;23,09
327233;564506;28,1
327235;564507;21,18
121240;357420;135,69
299849;561225;43,3
7207;327527;4,26
156348;465903;51,07
28888;328821;85,65
33584;328719;109,8
33583;332133;75,12
37333;326499;27,02
72023;336374;164,21
51054;335895;25,89
30879;328345;106,87
80288;360108;43,23
41556;336429;12,31
20801;335743;15,19
307711;563153;36,82
36911;327438;78,42
5667;328679;44,66
112060;328880;9,49
33728;328467;7,14
81319;334165;20,47
178877;456295;7,74
7671;327729;8,85
337035;564587;14,86
337036;564588;26,9
76976;335381;10,72
10551;346598;13,02
195285;467186;35,14
74563;336054;80,34
74565;336055;152,77
124138;360891;101,72
22861;327361;46,37
183835;532755;37,2
329991;567314;119,16
71281;336062;87,26
65791;328744;74,57
229385;466399;61,81
74219;332919;77,17
307714;527180;654,66
142419;470641;86,02
142420;470640;117,94
5003;326819;17,69
76990;330276;60,53
71584;407944;7,22
18102;329353;9,91
83891;347123;7,41
183280;570030;6,85
21475;347034;5,21
44806;330483;27,79
338982;569938;94,46
338981;570053;58,24
387984;574309;67,26
39638;327613;116,25
122124;359756;22,89
122126;438368;22,9
122125;438369;22,79
161308;459511;242,17
330119;561228;23,75
128925;531771;34,47
57190;533860;333,22
99348;576034;6,67
100001;397788;5,48
99348;577134;6,67
97138;368198;19,63
83516;533620;8,23
54837;401388;5,87
105692;574341;22,2
38299;329199;4,79
80122;347102;9,2
80121;436223;4,59
71426;415666;5,11
73446;328693;27,81
100134;395981;29,09
383532;570181;5,8
22642;378734;4,47
17478;369726;4,09
112629;329098;4,86
91402;353308;33,22
72956;340438;110,48
326754;570186;11,06
82134;330305;6,2
12714;424740;93,68
366694;578825;51,86
88628;365397;33,06
101381;531960;8,88
59487;330811;292,39
47233;335590;190,92
99136;406183;45,32
94633;349130;27,39
111869;335749;5,22
39107;330909;4,15
19006;328828;4,2
88516;437300;36,58
7704;328597;32,36
29723;326598;40,53
86156;343823;40,18
20883;327505;24,36
299848;526165;37,47
92638;531331;84,49
127311;359328;137,04
39972;337718;5,38
392620;574277;110,06
20549;328651;3,01
21420;409731;3,11
20318;335836;5,22
111871;328448;5,71
114580;338503;3,59
14039;326302;41,86
107849;358204;74,07
107848;358203;74,07
121160;431026;42,31
97740;330536;50,52
97741;350244;57,75
276478;570013;14,5
65904;346970;107,74
25454;336376;7,24
44348;354094;6,22
44347;328229;6,73
112949;337947;8,98
30880;326975;116,81
144890;463265;141,04
33704;329759;6,93
107817;360023;64,82
107816;350864;24,09
53324;340713;13,63
310513;568815;48,99
310515;568816;48,89
164069;530920;27,95
359449;569887;42,67
237282;570510;16,23
65862;439675;28,78
289675;563108;1042,99
84246;339144;87,28
98218;354585;36,53
98219;360106;55,67
62784;338129;16,09
37822;529916;15,45
190973;459451;41,44
52420;364145;12,23
11071;348117;19,34
17519;327891;12,26
41091;330096;117,39
167671;569974;7,55
49577;329817;6,5
31365;327372;14,51
33077;326331;10,77
69961;531785;7,68
357939;533418;64,08
88665;332155;52,31
9863;335872;35,2
167815;400737;33,94
5731;328675;23,54
127614;467497;43,69
45494;331284;28,45
51036;329120;26,26
112637;335746;149,59
191882;570324;36,92
156497;533633;15,41
44557;332140;15,17
44559;328507;11,19
113281;356404;47,71
128405;359604;36,99
304165;554832;5,5
304165;570852;5,5
113006;388217;2,38
32907;336199;1,73
20578;406744;1,66
139517;415060;2,39
304165;554840;5,5
77386;353173;42,54
113062;439846;9,98
17034;331764;11,55
347413;564158;19,96
21283;374652;6,03
112644;347362;6,46
20580;327868;6,94
136601;437479;31,43
112527;531265;4,64
13518;531393;8,19
112645;328002;4,72
286683;533311;265,27
62781;334164;33,57
111077;357617;18,87
165712;556603;18,93
83251;328775;85,75
56331;329467;23,25
38192;326480;27,57
5913;336000;8,82
5184;361297;18,12
389513;578685;69,07
30432;336663;38,86
112067;327938;4,23
13998;337024;4,02
165291;532107;71,31
14985;379729;6,55
37509;352320;116,32
108351;570617;23,44
112646;329848;7,17
10096;326414;29,78
64425;336444;20,11
64420;332481;63,92
48448;573435;81,15
137353;449766;49,37
14101;337345;2,32
5051;327189;2,23
110823;327055;3,24
43699;329625;3,16
98543;360063;49,65
44795;337350;111,18
5281;330380;6,96
30305;362805;6,75
4072;326415;193,44
27952;327610;62,55
12014;327552;61,52
295305;496793;63,16
6153;327321;41,79
189229;564321;120,59
200557;326866;108,97
78980;327775;62,32
183074;439036;22,72
183075;439035;22,4
65699;329782;11,18
64197;575474;20,85
93568;347060;35,15
93569;346536;69,49
108321;335753;34,75
108322;328795;68,95
275510;533495;60,69
112568;436249;15,4
105748;328683;21,75
102962;328187;23,41
102961;336797;23,93
28482;328884;184,67
182791;398317;39,48
20321;531668;4,31
165714;363446;10,34
9846;331240;10,03
19779;335546;5,45
13193;336033;10,41
190527;573183;141,56
107970;531230;19,55
112638;327057;15,51
97181;452199;27,06
36736;351171;36,51
8241;329087;22,93
79817;554918;61,54
79815;554805;61,59
79816;554885;61,55
34514;531602;4,41
34517;554929;4,28
87746;350203;49,47
89118;533206;16,63
17028;381204;2,72
29465;338041;2,73
111875;327265;3,66
10195;332365;6,31
77843;535579;10,93
77845;330883;9,86
77847;354888;10,41
111879;532334;5,49
77870;335162;5,26
143824;329669;36,95
135222;327842;42,17
140327;350059;36,91
147463;327888;50,73
12739;329075;13,91
12733;328905;11,22
50015;336518;7,94
30026;328915;6,95
12735;336229;9,5
12048;329344;18,36
12708;336198;37,01
39714;326609;12,06
39716;326612;15,85
39718;327970;17,79
25378;330018;73,69
112072;358442;142,74
66480;335915;105,94
31673;327380;15,37
108540;358578;46,56
236984;527158;75,1
112648;533131;18,63
31435;361405;23,27
34810;329088;16,36
12177;328404;120,14
113380;424869;136,15
161709;532131;41,46
110826;532303;5,32
77871;532530;7,3
77872;431056;4,2
9685;363020;3,84
112096;335641;7,55
36737;327820;36,34
110303;353571;60,62
91261;338862;20,83
184232;533866;27,43
188630;456441;40
135817;533238;38,62
31750;327821;36,48
21406;345969;7,27
20402;370142;4,09
126564;564469;160,51
99551;353555;259,98
51357;330169;90,14
188374;462081;67,34
150103;532373;61,12
89953;531675;7,02
77877;533442;6,45
5417;335681;2,3
85301;335077;9,25
83918;367045;7,14
111966;331388;5,61
111968;348733;7,29
79566;342276;101,06
93237;328656;92,53
12830;336012;10,91
47310;554797;15,69
112587;328879;31,49
19511;336043;36,42
240814;327571;196,56
24182;336895;60,22
128978;570062;26,7
82854;338555;72,53
132599;334506;200,53
122394;336757;424,51
106217;348160;91,12
118224;331804;80,8
90459;353046;85,13
74538;385090;155,07
111290;436177;219,25
166631;574474;91,66
66277;381964;102,82
66274;333254;100,41
172625;531289;774,27
10183;334556;158,4
10184;327282;114,98
82270;334911;43,89
160804;438305;104,52
90573;438702;21,71
95919;347270;64,24
49995;331917;10,46
62917;326366;54
62890;326888;66,83
19512;327480;36,48
72022;332649;71,38
6165;332647;72,16
138248;358115;103,53
145471;427751;50,07
145472;426211;37,35
197612;470030;50,95
134730;359863;39,76
326585;564504;74,4
170570;431873;38,37
91513;328075;58,68
91512;345910;25,26
185308;347008;135,3
103245;357155;25,71
51044;330707;7,3
190402;452048;27,85
47427;330119;19,25
22542;326657;14,26
22543;326658;14,56
90375;342030;103,31
13304;327492;19,81
36860;327796;95,63
36862;329867;150,94
22718;328149;70,41
9888;327965;23,55
29443;357164;86,09
121424;327088;78,61
77301;351443;21,64
11918;332218;131,9
347710;570105;7,5
54300;345211;7,95
126282;431043;8,63
66282;335012;204,44
33051;327124;5,4
47830;328261;4,34
21464;349601;9,64
21462;532076;5,12
110829;336162;5,49
112660;335016;20,75
112661;533088;24,54
112662;327962;7,25
21483;378918;6,13
114948;558199;26,62
232631;569924;386,12
232632;554905;386,12
124234;358247;40,55
124236;331893;376,97
124233;358246;16,85
124235;358248;313,37
124226;358244;14,48
124228;358245;270,03
160139;452046;37,87
160140;466833;51,59
589;326834;105,61
138418;359862;37,46
191067;450382;36,4
136938;440129;280,54
356607;533527;5,13
356609;533554;10,49
356605;379711;5,48
21403;327120;12,87
80281;328175;38,37
52442;329911;28,07
89868;328729;40,52
19513;328471;36,48
34898;328176;20,6
187988;530841;47,66
178579;438417;45,77
171135;437809;138,42
100099;409972;34,9
121979;431795;141,86
43937;329077;76,93
107810;534021;18,78
196806;487205;69,86
50904;334953;25,5
50905;331133;27,92
44089;330965;50,41
47230;335554;203,8
47229;330958;166,58
13557;336289;5,32
112665;378056;5,34
77890;346261;5,54
30755;378973;6,49
23541;327138;17,01
81765;366142;7,34
241095;527159;70,09
13542;360914;1,96
89634;376886;4,1
174337;496434;71,35
36343;535562;43,82
5412;533892;8,61
99569;470135;10,64
112591;336133;13,11
129163;468695;85,11
41712;346567;14,77
41713;346219;34,39
59853;329971;55,83
60383;331469;61,58
13025;326493;36,69
99877;558797;29,6
297678;523963;14,44
19590;329738;17,59
114552;531892;31,93
70251;331739;41,07
98564;357992;16,23
49626;330221;33,07
49624;330220;20,09
7127;327397;23,24
23603;329060;21,76
23604;335497;38,14
41129;327738;16,43
65967;328703;16,85
126285;533812;15,01
24717;330197;25,47
31662;431425;18,06
4858;327797;18,52
72068;360272;107,99
171281;468994;175,11
99893;363095;17,21
62203;369200;23,56
92357;346333;68,53
93834;359214;315,41
38166;326285;154,93
27436;327195;23,68
314676;564082;31,39
306006;556647;172,74
187740;467214;166,52
171139;438484;241,31
70354;344680;118,64
84221;345789;222,84
84222;359456;405,52
40425;329080;9,8
77331;379304;24,07
108315;327279;28,06
7373;328536;34,49
28466;328773;21,29
18040;326272;19,81
76254;401463;106,35
13568;328333;18,7
136033;425119;71,58
73433;337696;53,76
68745;333919;25,14
83118;330987;107,1
161433;466503;71,83
305283;535528;9,66
305284;535529;11,3
69551;431427;30,62
24268;331188;9,67
161018;438453;88,52
121250;532337;74,95
121250;337859;74,95
62217;363414;8,71
63487;337604;8,37
66409;330205;124,89
13281;327414;4,75
5453;327398;14,4
7141;327506;29,44
29404;326831;91,62
29401;328409;60,91
29403;332715;79,03
70279;326516;85,5
31881;326393;23,75
31880;338859;14,11
50178;431428;6,2
10531;379652;11,51
4935;328172;12,56
187533;465457;107,21
171298;528923;163,21
49932;332420;8,11
153152;468167;82,97
4946;362066;33,74
7144;328012;195,94
56161;347825;9,91
174369;496347;61,21
174370;528925;102,03
56133;431430;5,74
39092;330178;18,78
79572;333587;22,66
77787;327694;86,2
4956;333430;25,53
29313;326642;19,86
124369;414254;40,33
57085;415234;1986,49
57086;332540;2879,77
174460;477195;316,45
93465;356656;50,76
55198;335787;39,43
55196;326410;21,4
6050;328259;16,65
44029;330345;18,36
13570;327227;14,17
52047;330225;31,69
17193;328019;32,64
56132;337028;29,32
137681;431020;14,86
143983;425692;100,65
111134;432217;191,26
132360;426074;352,41
27836;329340;76,91
41609;329245;14,62
4747;327155;33,14
135563;408877;62,46
188123;524395;140,24
62315;336821;61,26
31086;327730;110,95
5670;327770;64,74
7399;327772;35,18
13026;327877;13,38
37690;328818;22,25
118086;328890;226,77
62782;332920;114,45
306844;564055;122,23
7402;326929;22,19
7401;369842;12,99
83513;347989;94,37
129471;359393;93,84
86136;376134;25,39
44447;330040;25,88
35341;330242;38,92
5028;326473;14,33
40744;335945;16,3
4211;332614;72,95
19838;332615;69,91
363838;564157;204,95
111522;355799;247,87
111521;354635;73,38
57466;328303;105,48
21880;329086;31,52
26981;333891;31,46
71435;332616;16,13
305394;535530;10,24
32955;328738;155,34
47785;330610;46,16
39970;328071;289,67
283801;528851;100,36
283837;528852;194,45
283838;528850;147,73
183994;452103;180,57
25192;327696;36,45
150841;467665;86,44
326001;562175;395,54
21827;336473;30,79
21325;331445;9,1
47977;327854;14,86
60035;487049;32,71
17190;326901;10,36
297691;500812;9,18
297692;500811;11,25
86161;353228;46,99
170778;356863;89,04
82487;333431;15,37
82485;332013;24,08
5060;349958;24,64
118240;328859;62,05
178547;463267;154,86
37683;326495;13,33
19234;326802;75,03
30749;328141;90,16
41611;378808;10,09
166672;438365;80,79
111097;424978;56,5
94671;352560;49,89
35218;330614;209,52
17196;326761;34,91
20944;327871;14,77
30862;337078;33,74
80139;346325;17,95
9592;327411;40,17
41765;327967;3,91
136602;415837;16,62
5105;327136;18,77
5604;327798;17,06
25028;354096;21,45
4941;361337;75,27
6266;360931;33,01
7298;361883;44,79
5112;361324;34,69
171866;466678;126,59
21862;327966;44,05
71518;466057;26,11
5118;327626;14,03
95051;350179;8,75
36220;371019;5,48
110954;413945;44,44
29446;328322;68,81
16991;465887;2795,56
9941;326422;12,55
6023;328857;23,65
10398;328227;15,85
42494;327853;23,03
163925;438991;262,71
84181;332949;85,19
20649;327108;53,01
16993;437766;2557,73
26580;326560;11,14
7926;431435;7,79
13027;327657;61,25
115657;528933;144,32
75089;335992;476,31
5152;328893;10,95
66400;330602;7,46
38555;328038;65,17
7209;328895;24,79
63227;331583;8,29
25029;326412;18,45
395335;568857;97,7
395339;568844;40,86
395340;568856;81,08
308730;527179;54,15
9013;336042;85,38
95135;403735;103,59
112264;358303;100,43
61749;327855;30,26
108364;353500;88,63
108559;410061;43,76
5163;431436;25,15
47571;329893;77,56
318168;529794;53,34
318169;529793;88,99
187316;466940;457,71
108363;356271;578,26
56338;330121;310,16
59267;336948;6,17
70218;386777;368,2
72887;326252;9,06
112474;357109;541,47
62990;358517;18,63
29982;336849;74,95
62991;369338;31,55
137689;431437;18,84
137690;431439;26,55
62297;330472;41,65
44137;327899;14,39
74334;327277;747,87
28479;354174;7,39
30986;326372;14,66
240707;524505;71,24
240712;524045;89,05
37121;346260;9,07
41535;336304;43,79
41539;335028;58,39
33027;338282;51,52
76418;331139;31,16
76416;347959;45,89
264544;554776;58,63
55933;362888;13,26
41871;431442;58,03
108440;432182;49,34
41550;431445;471,33
41543;408452;42,61
41547;408184;61,75
68731;331592;8,54
55932;335989;12,01
44196;357712;37,99
386946;568845;161,35
386945;568846;85,22
293488;500813;166,35
5180;328595;9,42
7157;329343;11,04
68729;346011;145,45
158388;530843;28,67
83848;347093;40,26
19787;353753;80,57
309585;557568;96,85
265261;525296;210,87
32346;330126;260,22
11955;327531;184,44
41178;331274;80,39
314675;564083;19,31
84831;432007;421,6
80767;347401;78,49
90393;466306;211,68
104456;424936;95,87
233756;467151;191,44
233755;467194;121,02
62301;416870;387,13
126045;357789;142,88
34282;326520;53,77
29174;329188;13,08
305457;526162;303,81
62626;330562;244,58
37678;328473;35,81
123651;415936;65,73
297668;524201;50,96
63491;330182;21,55
183081;470582;118,35
230068;496704;436,6
193865;531117;53,45
193866;530904;91,08
84829;345528;30,06
28894;327693;35,12
190985;473736;56,53
138318;425889;63,48
166137;439010;17,46
174459;477194;201,2
134720;425699;17,55
112522;462918;46,56
191526;498723;12,61
327664;558845;47,43
106158;358736;127,7
35198;329029;7,43
86134;466547;17,89
46539;329801;56,52
246620;468843;181,13
111283;407968;42,71
104980;439316;42,11
136620;432083;246,2
6379;358757;255,49
6253;335827;119,2
83518;382254;20,05
4319;328730;132,95
325999;562174;189,93
52427;329940;17,66
86042;439048;11,13
60032;416404;8,27
175861;467617;281,17
98540;333841;69,78
51977;366803;6,75
91417;351069;24,44
126526;416059;38,12
166671;450022;62,46
24281;327289;11,36
1905;337842;418,85
342527;570867;35,02
102821;412746;233,06
102820;352882;141,02
149212;424957;66,82
85989;337433;92,25
105737;359686;45,79
39640;329713;111,11
90786;439106;31,32
90787;348087;45,57
110241;326719;28,76
29468;329639;72,85
115658;357504;113,86
142348;514548;80,05
4255;327226;172,85
107673;356117;105,54
76243;326550;119,26
55669;347279;41,81
11953;327084;77,23
31953;327969;72,59
26452;337894;20,82
70216;432044;368,2
66435;389370;152,54
112484;355932;241,25
110675;353768;67,45
161486;470095;64,51
53271;386628;73,96
174608;440011;86,31
180864;467614;9,8
28586;328749;225,82
353037;570716;52,6
353035;570715;78,69
112161;357868;187,77
112160;354695;122,57
187593;359417;341,83
153386;359932;98,32
298946;564676;114,57
137442;413844;16,58
174137;440184;73,27
184833;466359;53,42
46781;329452;51,18
128420;416862;48,88
134910;572291;74,99
69485;392911;23,64
156929;413914;25,34
42556;360105;24,41
272941;391841;80,45
190602;551564;658,57
110997;466362;69,28
111019;437497;68,61
12133;327687;123,34
158387;438830;22,27
158383;438829;14,82
158384;439264;18,22
124798;346603;998,61
13540;348946;72,09
103215;355977;85,02
21893;416747;36,76
73355;365116;1229,55
73354;363265;617,23
17797;361373;419,74
6077;326345;780,79
287269;529566;403,6
287270;551565;693,57
287265;530126;306,91
287266;551566;626,27
84583;344400;106,37
314671;556601;47,4
395133;578683;251,49
100129;354027;98,42
107131;425785;187,46
99879;558796;49,26
99876;410087;15,15
13256;349142;21,7
51399;344619;206,17
50430;354082;163,77
82802;331218;205,91
82803;353015;207,83
85639;533775;15,31
62293;365231;17,06
77310;466535;11,9
77311;365006;17,83
64114;378409;18,06
77308;365527;10,53
64112;379086;10,26
108532;360308;18,51
108531;358791;11,84
83849;348862;4,94
83850;330522;9,19
65950;330154;7,48
44967;349162;56,57
44968;328846;37,43
171185;459521;46,84
20792;327137;47,57
136612;436326;29,25
330553;570717;65,51
33029;330148;48,1
87791;332215;28,06
144395;329692;4,46
144397;394294;7,04
87790;361165;12,78
189545;533710;18,11
91315;349656;20,5
392600;570572;50,45
26920;328173;30,03
75236;339529;63,55
99496;424751;333,04
326086;568853;484,66
23422;329276;44,9
64116;359594;30,53
81403;431990;2205,2
142283;463286;94,75
150567;528982;229,71
125456;332369;328,8
141506;466392;346,83
5935;326364;11,07
126284;531152;10,7
18408;326581;44,28
21061;346298;16,81
74517;331303;84,13
74519;339403;104,77
21012;326894;6,12
86074;553938;6,67
82375;333830;46,41
140829;424867;62,69
140830;424868;92,87
107771;355687;65,81
167147;432227;100,55
107773;355688;84,14
167148;436182;97,31
275444;568827;48,74
275451;568826;64,67
138886;437622;129,06
138887;437623;209,86
98835;354583;113,61
79708;330468;74,45
228802;329028;106,99
136110;327093;19,29
6256;354098;26,69
32347;328245;127,16
11954;352321;107,42
112250;414001;66,04
20220;415794;94,26
296764;578827;115,75
63167;334326;122,99
6234;327186;5
50442;344519;58,88
30118;330474;202,81
106128;353395;127
108276;354316;67,52
76348;346631;63,37
363768;580558;74,86
100131;346302;96,22
137492;466405;68,94
137493;466406;96,2
137494;404154;141,69
20797;327691;54,11
140671;438086;126,29
76192;328798;1092,73
76191;339669;630,3
113273;356272;243,51
112771;431003;140
80191;339318;27,94
80193;378334;14,6
12255;327267;86,5
55103;343757;27,31
141382;530855;51,79
74821;335292;20,16
141381;530856;29,14
75945;331973;32,54
101789;431995;13,98
289658;530857;29,13
115215;438821;13,93
112506;439269;20,53
115216;438822;20,14
115212;410060;8,99
112504;398789;11,45
306007;580928;249,33
317979;564409;112,4
106051;354787;184,11
63171;326558;86,85
157401;438568;38,07
285445;554093;90,62
84832;342335;134,06
330827;573091;34,95
70352;347155;188,18
81918;568813;57,12
75255;368676;94,51
190304;459523;361,67
230054;526038;107,7
230055;500808;173,39
54228;335492;33,22
54230;331560;51,23
91362;346254;60,35
91364;345541;72,03
66138;331805;340,45
47557;330253;26,22
4277;329844;60,81
28192;331275;241,67
28191;328444;167,54
4371;336120;667,11
4372;333565;1021,35
96999;346891;59,83
165658;530860;107,2
118281;355856;68,06
96998;348390;36,68
32524;329706;34,81
149974;431898;855,56
160919;431158;126,09
79521;343701;24,17
91879;344687;24,43
38263;346829;16,01
62637;327188;51,46
82457;354452;44,33
82459;354453;71,77
82455;354449;36,39
174360;496504;192,02
90401;334199;116,88
375230;564267;156,42
375231;564266;127,09
193422;466494;183,54
4410;361644;49,94
190834;557435;114,35
222110;496398;92,51
77333;359880;202,5
6937;326261;153,45
299599;524322;191,5
299601;524321;191,5
13569;330960;16,62
201899;576452;146,47
79550;343228;237,23
74042;337295;51,17
73434;327362;53,77
110148;437749;473,16
4920;335944;30,85
6051;326523;114,42
4918;332247;80,78
14104;332372;11,86
12124;327666;24,59
90399;346407;94,04
44909;330275;90,65
317974;564041;143,68
99700;415939;26,22
78796;328563;12,46
99992;416372;6,78
161435;466501;46,27
161434;466502;51,64
393195;574479;51,56
393197;574478;80,67
234754;468842;273,15
354247;563916;447,53
142120;436370;178,58
51182;330259;321,08
37483;365937;387,15
81935;532856;8,19
21185;344396;13,58
5956;332593;32,03
44517;331185;8,74
161019;438454;141,05
28255;326772;34,23
5610;326668;34,12
6763;326597;204,51
6108;327016;76,82
1435;326431;34,09
65592;465321;26,46
65593;487209;28,94
3503;328548;104,89
78815;383974;7,4
50914;332499;14,54
75642;336545;36,48
81522;327912;16,88
4295;328045;232,52
105630;412756;6,55
49672;328052;14,71
49671;530861;8,21
139036;469497;175,54
74443;359284;200,66
110276;357506;342,6
187973;573131;36,82
51916;326856;94,2
51917;327698;95,51
89338;354946;224,53
150839;438699;572,3
63223;330177;123,72
37374;329887;127,4
18021;333296;5,63
5963;327879;30,78
23751;326808;6,34
74065;332534;67,22
56043;346167;6,07
38172;353614;11,33
25463;328330;2,76
25464;326357;7,71
36782;336445;9,52
121024;334026;12,29
37689;361987;9,63
24034;328064;20,99
99396;413851;70
37679;332817;53,74
161033;400851;30,46
87571;354375;49,04
175952;452135;100,57
175954;439791;78,32
141088;415932;47,57
100083;347076;39,46
288312;529961;68,27
51043;415933;80,67
141403;359694;194,59
4298;328816;216,59
150573;551592;69,16
37375;330145;169,31
85400;345751;46,83
85402;345531;52,04
85404;358731;76,29
292350;530862;139,18
161560;438688;144,82
161559;438687;90,33
174220;530863;59,54
62795;347823;20,6
62796;528834;40,07
62798;527478;49,08
297666;524200;43,4
297669;524202;79,82
407992;574291;214,31
153025;428203;76,63
111127;359583;81,94
111129;335649;67,38
5970;328670;124,86
149219;438706;208,21
33064;328087;472,18
117863;413849;111,61
7519;378633;120,73
40313;329816;76,41
7939;329349;7,22
70807;326623;179,4
136600;439216;45,62
136599;528924;35,21
189547;465479;77,08
189548;496570;142,46
190523;474219;312,23
190524;474208;909,72
170723;569881;35,27
170719;533409;20,54
307534;581942;1107,06
274912;533308;40,77
63184;372712;3,87
54533;372711;5,02
51093;372715;4,63
54535;438851;6,68
13301;438853;10,66
63495;333366;21,65
94604;382175;6,08
135967;431018;31,51
61186;328122;23,76
40078;328682;24,71
284130;530864;33,01
285116;530865;35,7
4712;347819;20,63
4711;329719;17,07
81777;346622;77,85
5471;347352;356,82
95735;335793;42,11
95737;347947;139,53
95736;346992;81,05
336255;572949;207,26
336257;572950;296,09
170754;487028;220,81
170755;461665;316,23
84257;449890;1476,49
9692;326405;369,08
5199;326636;11,73
230067;470581;234,03
356761;570300;135,94
166013;513817;98,64
178716;470585;147,35
232874;568377;256,38
178718;470698;226,85
232875;431412;424,51
23573;330033;31,4
178583;581940;13,8
136835;388452;14,14
133663;357787;60,99
133664;360019;79,59
61957;327434;20,78
24315;333152;17,8
11150;327708;329,54
123763;329620;27,75
94703;438781;57,57
31095;336127;1020,65
75137;331861;145,62
174001;439432;107,89
77788;337913;109,05
241218;486952;179,88
298414;568012;79,91
298416;528892;108,51
389675;570660;180,13
167811;432464;124,28
133665;358062;50,44
313593;564095;76,88
313595;578682;239,05
135618;354875;121,46
76958;334194;11,78
19264;328460;297,76
119439;378652;1158,63
31442;328918;1435,47
4958;330385;849,18
817;350065;67,5
135980;449570;67,42
61959;335372;69,57
4961;337053;14,69
331715;581965;193,4
331714;581966;90,22
190981;530871;25,02
326741;557571;55,92
84160;344684;37,69
292990;528838;88,41
292991;528839;143,47
74194;336882;139,81
4310;349302;176,86
5261;336793;361
6772;330819;63,1
50551;335819;48,04
169099;439990;19,77
108996;407730;12,91
85742;432013;30,55
85740;433980;16,22
5979;328667;12,16
74198;327384;85,2
40736;327458;30,78
13660;326660;17,33
99987;425964;438,51
49958;339691;23,47
97007;379796;14,12
360627;568242;12,86
123957;425786;26,69
112521;462917;35,77
113041;358734;82,06
113042;437744;98,33
108521;412920;107,74
143984;425693;115,65
149328;413843;70
153363;449475;268,06
118318;425732;110,87
6534;326882;124,74
12201;326881;232,19
6535;326883;110,36
111137;432293;313,36
132362;437866;579,79
111139;359213;86,87
303575;525884;181,09
307580;527425;42,27
307581;530845;94,6
121189;453065;72,44
4748;336822;95,66
30770;346264;3,99
30771;335891;7,99
44526;329289;15,19
44527;328694;20,41
61604;336430;36,79
83949;358190;51,46
178902;531885;127,88
306871;563839;83,73
135562;377706;43,86
310426;554847;67,29
46381;329453;232,16
226433;466327;64,53
226439;466328;108,57
50045;407659;42,57
161528;573003;161,55
129469;360022;55,38
66064;327652;31,09
21853;335961;12,07
190575;578933;426,06
111992;414836;184,16
76806;327075;226,64
76807;327221;241,74
167977;438514;75,77
136803;379752;433,55
136802;346689;194,68
111149;568008;53,61
85451;337879;237,58
62317;351735;79,18
63610;331422;63,99
76563;412962;410,11
327667;558846;73,57
65722;326990;14,53
65722;333435;14,53
5456;329687;12,87
154460;573398;112,26
27841;326632;73,36
62640;336459;36,08
170728;564209;146,66
103541;327773;48
63222;371929;82,12
72121;335832;92,93
122839;529960;311,45
75846;326544;404,37
75845;328016;136,6
122835;496569;53,57
134270;352740;146,1
351865;564873;276,97
134351;436364;46,09
134354;352922;88,35
351869;572975;151,47
171191;439322;145,03
49209;333990;38,6
234757;468875;501,82
97136;346898;45,48
79599;359286;228,55
76655;332057;57,58
306847;564043;230,2
74228;329702;196,02
233116;525886;111,94
188046;535597;737
150830;432410;192,37
150832;470626;352,2
150833;433973;698,13
112252;414003;133,74
108775;412663;361,23
56123;329927;361,23
112946;569874;110,23
39311;327801;8,6
227394;564318;103,36
112256;573758;70,14
141461;468791;95,85
69552;397571;59,74
187546;463538;124,89
84802;415921;576,37
97025;349848;263,17
84802;354262;576,37
19499;391201;220,83
98159;351039;56,19
147084;413846;75,09
147085;431972;134,95
180403;532355;8,65
7118;327612;23,26
5017;336389;7,84
189208;573039;140,21
86133;437489;13,52
86130;379345;8,11
301741;558799;61,57
314721;564084;42,26
314725;564085;68,94
314723;564086;29,66
81876;408337;81,06
122560;436209;97,87
55032;330828;361,59
166028;465698;431,71
326824;564677;717,95
24278;327958;27,37
17416;326588;24,51
19499;377686;220,83
46534;336380;42,08
46544;329391;24,28
145641;412958;41,82
145727;412965;13,59
45470;329365;70,39
118282;353435;95,45
188057;465556;33,39
61615;380344;160,1
289670;524412;72,12
155365;425808;60,41
155363;425807;50,74
13580;326627;13,89
13579;327428;11,22
373842;574147;721,46
316961;557451;121,69
316958;562123;46,31
316959;562127;89,17
107838;354626;101,65
186842;463332;89,69
174510;500776;129,59
411601;573181;215,07
60029;329697;27,9
86470;354584;36,25
126212;425710;110,91
110945;532770;32,05
104973;368199;33,05
100432;353430;87,97
95998;352734;174,73
95997;347254;122,94
361941;573144;107,55
178908;468964;149,48
178909;561077;267,49
298424;529541;295,37
121034;359412;283,82
298426;530851;594,58
153616;438462;33,78
163873;473715;44,57
153457;438463;20,28
153459;438464;25,67
57465;354077;79,29
86151;400451;26,73
71433;370388;9,19
44300;335826;8,54
44303;329198;13,01
310102;554028;31,35
38400;351965;10
306055;528833;40,86
306053;528831;21,53
306054;528832;26,42
166020;452884;234,24
172560;528958;76,53
88025;347236;252,93
88027;354890;374,7
11790;573317;38,74
16100;336708;1921,67
82464;359289;307,91
134965;358089;293,12
298428;569713;114,15
308553;569712;113,62
181675;465496;58,28
181676;465497;58,27
190597;466847;60,11
60264;329781;37,57
183992;496493;180,77
327148;573180;232,49
240890;486951;62,34
31563;328328;35,18
324260;554934;88,46
324268;563165;181,09
17987;328370;25,75
86039;346788;8,58
21327;370756;12,07
60036;380415;64,22
7437;327757;12,56
169102;437877;9,37
82052;346859;8,23
21034;327557;7,91
82052;529022;8,23
21035;326859;10,45
82053;529023;10,32
5054;361986;9,24
365087;564087;51,07
90444;348150;66,36
196744;468156;58,77
175860;463586;185,8
145587;438297;356,6
145586;361510;247,33
144150;439426;193,47
241301;467485;266,88
336302;568830;36,52
336303;569596;59,28
292558;528921;385,71
292559;500810;639,34
292561;524410;262,28
292562;500809;442,8
23799;327454;68,56
223090;336382;1841,74
326300;329963;56,33
5061;327882;23,2
98557;367926;14,13
107275;348110;204,81
221836;329849;99,45
7944;334606;14,13
45763;332660;24,98
45765;335727;44,81
146200;412961;9,93
28206;327611;66,25
51979;380105;13,57
51979;416377;13,57
164069;355449;27,95
138422;431027;42,88
240893;530854;53,28
37356;328874;62,15
178546;459472;79,23
115220;414207;12,01
4316;326476;116,16
5075;336598;18,42
84674;568434;7,59
112255;580552;93,48
273644;470094;606,44
172599;447427;381,94
359474;574145;236,35
359468;574146;474,65
359472;574144;87,46
66387;346004;10,36
11951;354093;53,59
150840;462897;462,12
75148;337666;101,46
8249;336635;102,97
99780;355843;78,76
57206;338794;76,91
149068;431200;51,56
4771;350816;53,27
149069;431552;82,33
33843;347056;9,38
38059;328852;24,98
54543;410064;7,34
95424;439603;164,18
112677;576869;25,41
78967;345412;26,27
78968;346420;47,09
112302;437279;43,07
72011;338501;55,61
166673;468765;99,04
167812;447936;47,41
62300;329877;41,22
86171;437555;38,42
87308;334135;4,92
5080;327395;6,07
29983;326669;32,81
183257;567296;29,17
86757;380644;10,1
136126;358163;19,74
188895;530847;23,77
187589;452022;26,25
4327;328168;115,27
82973;350685;79,2
241029;577560;22,12
12816;327491;27,23
84679;353626;28,61
75044;350633;231,51
143176;438626;440,62
136843;425982;9,23
91579;358301;16,93
45768;380345;14,42
112586;332303;19,22
258495;578692;17,99
6142;326457;27,48
118666;330914;144,07
118659;330867;142,74
77814;371186;35,04
10631;327408;30,67
127391;573455;16,07
96975;345087;35,09
13283;361326;6,05
72652;341771;241,45
95097;426327;122,81
42595;349145;12,5
21798;329802;10,51
21642;361305;11,84
75029;346846;14,88
9835;327952;33,44
174131;467385;175,8
76142;337860;112,42
68709;334385;827,73
160876;467009;173,44
124061;554964;32,17
43912;333825;100,98
43911;328160;53,17
124060;554965;47,46
43913;336472;79,32
43914;330436;153,56
230589;468963;484,16
7705;336593;21,11
28650;331252;15,15
55220;336470;45,43
30743;347345;39,91
30741;327525;55,01
85096;352241;143,23
315519;561068;137,72
34976;532734;250,8
34977;570180;351,62
149215;415931;98,84
149210;438689;58,11
180322;466783;66,71
40535;334336;9,76
23829;334334;5,45
38378;347024;57,65
98542;360064;67,03
40536;327005;8,31
61623;337537;60,26
61624;335752;72,72
81339;343087;57,03
193885;530848;58,9
61933;348669;49,16
61934;354479;87,4
61936;331333;60,35
331028;576585;151,67
51038;335724;18,91
51039;335754;39,54
356881;573650;38,84
325100;529617;312,83
325101;529647;410,59
21329;439056;83,66
41195;330893;41,26
13614;329194;42,29
17494;407967;55,56
29445;336967;52,7
68781;380638;165,44
57239;336769;11
38061;328260;11,36
91484;329178;11,54
43886;380342;11,93
29448;330769;398,95
352933;573141;85,48
352934;573142;160,56
352935;573143;220,58
91616;359457;140,75
91617;436212;282,31
91619;465460;565,68
84177;346826;568,98
21796;332364;14,69
87528;347111;13,05
29175;352033;13,75
61973;439057;17,98
61974;439058;21,36
50407;333600;28,92
100018;354586;18,04
100019;354587;27,33
111149;412579;53,61
42012;329014;163,94
42013;329665;237,6
12731;329071;11,01
12762;332578;11,79
19707;341007;25,27
11072;327376;32,27
40511;386278;11,75
133669;327614;19,54
133670;354646;39,06
80145;329375;447,64
54250;335236;314,55
54251;332903;425,48
54252;347013;615,35
65739;335987;425,51
65740;351416;615,36
12885;327170;21,69
109189;359567;2000,44
31436;336026;48,13
379476;564919;94,81
122179;409721;15,47
126543;359901;325,32
126545;328886;551,39
123654;328678;28,72
138006;413842;59,64
41660;389831;129,28
36132;348229;103,86
141039;428056;57,18
141038;432330;42,51
160423;437779;24,31
103244;358529;52,31
103243;358530;51,32
99555;388683;1062,7
7297;336005;2,4
13368;327345;4,54
5814;391139;4,22
89954;363163;6,14
36022;347258;9,83
111524;336006;99,25
81825;333145;126,56
62553;333184;76,76
62555;335990;140,13
126274;388666;22,85
122180;426039;724,12
122141;526422;95,57
122139;569711;26,83
115656;357788;84,89
167495;439798;76,04
18114;326655;6,38
358439;569289;29,44
358438;569292;34,33
94841;345705;64,65
158854;439449;198,36
5918;335903;9,66
5428;326770;37,81
44085;364146;45,18
7771;333252;11,46
7263;328770;16,18
395346;576840;109,41
111288;355450;66,73
107672;357869;76,12
141695;425694;123,87
103105;352878;146,8
22690;328624;29,77
76242;331032;104,24
124222;358305;109,73
105261;426319;315,54
105262;426320;432,18
105263;426321;563,05
153261;426325;588,2
108553;426323;336,48
153262;426326;699,85
108557;426324;378,56
121175;424890;198,96
127387;359884;116,53
118399;327736;101,64
165068;431831;185,58
118396;358060;27,45
310524;527424;204,32
10760;327536;306,16
84235;336099;72,05
124494;459524;72,04
95888;414481;91,55
86063;335027;100,88
75056;349892;77,28
142291;463287;70,7
107681;335520;34,54
66103;330854;107,2
66104;330082;140,15
299062;526033;154,39
90461;326575;176,15
8158;327909;98,66
81844;531486;15,8
81843;376685;13,47
6038;352111;345,37
30753;329015;405,64
82927;327858;113,94
43711;332884;209,08
135995;464627;74,68
50883;327845;63,97
184849;573394;149,2
50884;346548;65,13
92266;425126;141,83
156754;530849;246,66
92238;436204;138,84
90574;356907;162,61
20841;327425;3,04
21295;327700;5,62
29158;328066;22,9
66433;376711;152,54
66434;432121;152,54
70217;415943;366,73
106057;437305;93,04
72887;337893;9,06
70768;354844;53,57
86466;376615;129,84
383035;573163;130,49
90110;357154;71,77
83258;326759;94,2
112481;432046;972,28
112477;355931;775,04
308948;534096;187,08
308949;556864;134,08
45090;328660;194,74
48428;332269;216,17
47814;436205;202,45
47817;344051;269,99
105591;359143;185,02
62311;332243;109,49
110939;438149;1201,28
41200;370987;39,76
76545;378660;24,51
59395;467566;26,86
59394;328688;16,92
76546;410074;14,64
59396;369685;15,17
62296;348219;16,6
62296;335015;16,6
21030;346247;1196,62
299605;530840;226,92
47462;333014;454,79
13895;335817;210,28
94454;408673;124,48
3526;336243;2823,14
122420;327627;24,76
3603;327285;38,77
5866;336291;6,21
79331;327119;13,5
63710;344427;27,88
48495;336979;96,41
102556;356916;98,97
103546;424738;53,05
110071;431701;176,83
28480;326358;103,85
326579;564375;323,11
68724;368967;59,63
153501;528844;55,91
125572;432140;35,18
97903;381253;49,09
33435;329148;12,3
68725;466712;93,26
33003;329201;7,18
53270;375475;104,75
61824;331549;17,86
113067;336779;58,56
6311;327792;68,49
52138;535561;11,95
81767;328793;7,92
38284;380498;14,11
293489;563837;315,14
88909;341856;508,54
22209;339543;9,99
295326;577637;38,84
35678;330709;234,18
331761;576586;122,38
42628;328902;2,9
42631;328698;5,86
295728;530078;6,63
38937;329244;2,01
38938;349462;3,8
316531;527471;227,65
410708;574204;75,22
36252;333774;5,92
185436;356885;103,08
185382;431621;19,14
185442;342894;62,12
128765;356115;37,56
185384;456439;20,74
185391;348626;21,58
185390;439699;21,28
185434;564177;66,22
185417;496796;147,65
188347;449972;200,21
188338;461650;279,03
43020;352863;13,63
43018;353223;4,76
43022;329333;22,38
115290;451131;1,16
93031;563160;46
153843;424909;51,15
291479;530082;46,36
291476;530083;61,62
291478;530080;61,33
291473;530081;61,59
165051;426042;5,41
202141;464247;29,28
127481;358280;1,33
342088;557811;87,87
113316;358141;13,85
113315;357924;8,42
83828;356470;5,29
113314;383521;13,56
83829;449484;5,82
131146;366210;10,57
113317;450205;13,49
342115;557813;526,33
187938;467502;24,98
309206;526168;98,48
342094;557812;108,91
236850;466690;70,54
171883;431969;101,54
177761;438959;14,34
101123;346895;5,44
94775;577754;13,78
66863;334528;5,84
66867;329747;7,95
156305;580805;6,33
62138;343554;35,01
62138;327169;35,01
48670;338020;8,61
62647;339317;3,49
62654;438141;20,1
156284;576553;7,1
62648;345073;5,9
156285;574007;12,01
156299;578739;4,33
156290;573694;1,97
156297;573574;13,65
156300;573527;6,01
166274;570555;4,34
62647;377610;3,49
62654;380306;20,1
62650;382173;16,33
59960;328599;32,4
59961;327364;40,72
62647;369503;3,49
62649;329049;9,28
62653;329047;12,23
101122;350733;2,79
156316;577044;5,02
62648;384128;5,9
107632;531191;8,63
299809;526382;41,33
141921;570869;4,15
27881;328867;4,96
141920;529747;4,56
36035;328039;5,18
15753;329317;4,98
61929;451159;25,89
142080;431277;39,19
20920;333579;42,74
45974;383971;58,96
20919;329147;38,39
20920;330928;42,74
45972;400281;49,72
45973;400282;55,56
355154;561086;35,54
355151;561085;105,4
15177;327538;16,99
67079;387692;4,86
190673;447792;64,22
136440;467486;2,36
189405;409861;2,26
74143;439681;2,45
189404;347007;3,88
189404;496414;3,88
87237;416534;4,27
162870;406144;3,62
108193;577109;8,92
30197;335865;8,51
80914;352593;17,07
16659;326726;48,88
57136;395144;49,15
57137;439617;50,58
379258;564283;8,94
379259;564284;8,99
379260;564286;8,97
379261;564285;9,14
86215;580793;1,18
81177;573481;1,18
95801;581952;4,43
51122;573703;1,6
96996;577719;5,39
99403;577727;5,48
238025;577728;11,25
238026;577765;11,58
139088;573524;5,48
51126;329883;1,57
108197;576952;3,67
53251;337015;13,97
53252;329728;14,1
53252;347981;14,1
73807;328558;13,93
53252;573572;14,1
49010;578810;32
49010;384757;32
49006;361123;32,43
49009;361918;32,11
49010;361919;32
56465;370513;10,19
60127;352497;33,95
60128;369972;53,23
60129;361006;64,74
191144;466931;4,03
128766;573738;45,55
63339;339516;55,89
61715;329964;58,92
86765;580831;1,53
86641;578772;1,58
86643;354928;1,53
86644;347750;1,56
43086;379252;2,06
43086;330083;2,06
43174;326336;2,06
150032;465450;27,37
49170;329103;53,01
190651;331585;24,48
124238;369919;24,48
81247;341603;24,69
81248;529744;24,48
81248;330523;24,48
141926;529733;0,46
142854;529735;0,49
141932;529734;0,85
142288;529742;0,98
141938;529743;1,36
89831;465411;13,03
89841;439746;176,07
89842;558753;210,11
89843;439749;274,64
89842;465438;210,11
149477;465448;7,89
135506;439762;17,32
89823;439763;146,84
89825;439765;145,79
89825;558722;145,79
94209;439769;202,78
89849;439772;104,09
89846;439773;21,24
81247;529745;24,69
89842;439991;210,11
356932;561079;166,61
356929;561078;55,29
81248;365242;24,48
43019;364471;9,56
101382;403441;12,84
101380;532181;4,58
101383;533542;21,98
201868;465914;142,72
201861;464152;142,57
201866;464169;142,73
201870;466962;128,57
137764;573534;36,41
137763;580976;22,1
126766;573616;32,81
169966;437688;27
169967;437689;39,3
114179;577046;12,02
305258;577379;24,24
111750;525291;12,13
15181;364102;3,63
171885;431970;63,59
187939;524385;22,9
286582;572798;15,69
247909;470610;68,25
169964;437686;37,68
305002;439750;298
99948;578787;5,03
145516;578791;10,1
176155;437673;31,37
53525;353820;10,71
191730;577745;7,61
191732;580551;16,14
71126;345288;300,33
49706;328836;165,25
49707;338948;273,97
49434;355009;309,72
71126;355067;300,33
71127;355010;300,33
30515;339483;32,8
79816;369369;61,55
34514;335606;4,41
34514;363091;4,41
34681;365402;4,36
34681;330023;4,36
34516;364483;4,36
34517;365251;4,28
34518;331584;4,29
34516;369727;4,36
34517;363092;4,28
34515;330022;4,37
34517;328838;4,28
34517;381704;4,28
34681;361971;4,36
34515;369704;4,37
34516;361922;4,36
34518;369705;4,29
34681;576463;4,36
301474;561307;23,77
15254;345466;5,5
41888;524259;68,34
41888;353589;68,34
178072;578762;9,65
178075;466954;4,47
80539;351555;5,24
119047;554986;7,38
119047;395972;7,38
80852;355751;6,8
119047;527197;7,38
80852;354819;6,8
74898;336693;5,86
155548;576421;15,01
38302;362587;10,48
58571;405334;17,66
16940;360982;7,24
38300;362586;8,19
16941;360997;3,62
16943;360999;7,24
42490;373635;18,23
58572;573680;15,92
58573;576468;17,33
129640;450105;240,24
128274;357488;134,86
16470;331222;80,45
16471;337661;286,22
16472;335349;161,22
138237;360109;53,3
135470;360059;12,56
65413;334920;49,41
375436;564218;47,38
73839;362141;13,8
196855;577698;798,38
105323;342678;169,27
105324;342676;165,51
105323;343770;169,27
159166;573701;21,56
263053;468934;204,06
51144;577758;10,52
51144;367902;10,52
56465;369284;10,19
51145;360994;10,42
51146;336776;10,47
51144;378736;10,52
51149;361053;10,46
51147;362485;10,38
51149;414847;10,46
128760;439372;1,2
84532;349850;39,6
63473;375092;2,59
156853;447467;3,45
114367;568558;1,75
237477;474301;1,81
156854;415484;2,07
95158;347392;1,47
95158;353005;1,47
84532;573507;39,6
114367;532325;1,75
